{
  "Breakfast": [
    {
      "id": 1,
      "title": "Pasta",
      "description": "safgiuaghodijwdls;mcxl;zmcxl;x",
      "price":"rs.130"
    },
    {
      "id": 2,
      "title": "Pasta",
      "description": "safgiuaghodijwdls;mcxl;zmcxl;x",
      "price":"rs.130"
    },
    {
      "id": 3,
      "title": "Pasta",
      "description": "safgiuaghodijwdls;mcxl;zmcxl;x",
      "price":"rs.130"
    },
    {
      "id": 4,
      "title": "Pasta",
      "description": "safgiuaghodijwdls;mcxl;zmcxl;x",
      "price":"rs.130"
    }
  ],
  "Non-Veg": [
    {
      "id": 1,
      "title": "chicken",
      "description": "safgiuaghodijwdls;mcxl;zmcxl;x",
      "price":"rs.130"
    },
    {
      "id": 2,
      "title": "chicken",
      "description": "safgiuaghodijwdls;mcxl;zmcxl;x",
      "price":"rs.130"
    },{
      "id": 3,
      "title": "chicken",
      "description": "safgiuaghodijwdls;mcxl;zmcxl;x",
      "price":"rs.130"
    },
    {
      "id": 4,
      "title": "chicken",
      "description": "safgiuaghodijwdls;mcxl;zmcxl;x",
      "price":"rs.130"
    }
  ],
  "Veg": [
    {
      "id": 1,
      "title": "Fried rice",
      "description": "safgiuaghodijwdls;mcxl;zmcxl;x",
      "price":"rs.130"
    },
    {
      "id": 2,
      "title": "chicken",
      "description": "safgiuaghodijwdls;mcxl;zmcxl;x",
      "price":"rs.130"
    },{
      "id": 3,
      "title": "chicken",
      "description": "safgiuaghodijwdls;mcxl;zmcxl;x",
      "price":"rs.130"
    },
    {
      "id": 4,
      "title": "chicken",
      "description": "safgiuaghodijwdls;mcxl;zmcxl;x",
      "price":"rs.130"
    }
  ],
  "Chineese": [
    {
      "id": 1,
      "title": "chicken",
      "description": "safgiuaghodijwdls;mcxl;zmcxl;x",
      "price":"rs.130"
    },
    {
      "id": 2,
      "title": "chicken",
      "description": "safgiuaghodijwdls;mcxl;zmcxl;x",
      "price":"rs.130"
    },{
      "id": 3,
      "title": "chicken",
      "description": "safgiuaghodijwdls;mcxl;zmcxl;x",
      "price":"rs.130"
    },
    {
      "id": 4,
      "title": "chicken",
      "description": "safgiuaghodijwdls;mcxl;zmcxl;x",
      "price":"rs.130"
    }
  ],
  "Desserts": [
    {
      "id": 1,
      "title": "Icecresam",
      "description": "safgiuaghodijwdls;mcxl;zmcxl;x",
      "price":"rs.130"
    },
    {
      "id": 2,
      "title": "Icecream",
      "description": "safgiuaghodijwdls;mcxl;zmcxl;x",
      "price":"rs.130"
    },{
      "id": 3,
      "title": "Gulabjaum",
      "description": "safgiuaghodijwdls;mcxl;zmcxl;x",
      "price":"rs.130"
    },
    {
      "id": 4,
      "title": "Rasgulla",
      "description": "safgiuaghodijwdls;mcxl;zmcxl;x",
      "price":"rs.130"
    }
  ]

}
